STATE NAME,District Name,District Helpline Number,State Helpline Number
ANDHRA PRADESH,Ananthapuram,08554-277434,0866-2410978 
ANDHRA PRADESH,Chittoor,9849902379,0866-2410978 
ANDHRA PRADESH,East Godavari,8842356196,0866-2410978 
ANDHRA PRADESH,Guntur,0863-2271492,0866-2410978 
ANDHRA PRADESH,Krishna,9491058200,0866-2410978 
ANDHRA PRADESH,Kurnool,9441300005,0866-2410978 
ANDHRA PRADESH,Prakasam,7729803162,0866-2410978 
ANDHRA PRADESH,SPSR Nellore,9618232115,0866-2410978 
ANDHRA PRADESH,Srikakulam,6300073203,0866-2410978 
ANDHRA PRADESH,Visakhapatnam,9666556597,0866-2410978 
ANDHRA PRADESH,Vizianagaram,08922-227950,0866-2410978 
ANDHRA PRADESH,West Godavari,08812-222376,0866-2410978 
ANDHRA PRADESH,YSR Kadapa,08562-245259,0866-2410978 
ARUNACHAL PRADESH,Anjaw,9612750956,9436055743
ARUNACHAL PRADESH,"Capital Complex, Itanagar",9436046730,9436055743
ARUNACHAL PRADESH,Changlang,9436051629,9436055743
ARUNACHAL PRADESH,Dibang Valley,9436839794,9436055743
ARUNACHAL PRADESH,East Kameng,9436857046,9436055743
ARUNACHAL PRADESH,East Siang,8794837994,9436055743
ARUNACHAL PRADESH,Kamle,7085425500,9436055743
ARUNACHAL PRADESH,Kra Daadi,9774814808,9436055743
ARUNACHAL PRADESH,Kurung Kumey,8974836406,9436055743
ARUNACHAL PRADESH,Leparada,7628091171,9436055743
ARUNACHAL PRADESH,Lohit,6009184288,9436055743
ARUNACHAL PRADESH,Longding,7638913045,9436055743
ARUNACHAL PRADESH,Lower Dibang Valley,9436258332,9436055743
ARUNACHAL PRADESH,Lower Siang,8794412985,9436055743
ARUNACHAL PRADESH,Lower Subansiri,9436047337,9436055743
ARUNACHAL PRADESH,Namsai,8414926777,9436055743
ARUNACHAL PRADESH,Pakke Kessang,9436053117,9436055743
ARUNACHAL PRADESH,Papum Pare,9436059242,9436055743
ARUNACHAL PRADESH,Shi-Yomi,,9436055743
ARUNACHAL PRADESH,Siang,8730966312,9436055743
ARUNACHAL PRADESH,Tawang,03794-222203,9436055743
ARUNACHAL PRADESH,Tirap,8730966312,9436055743
ARUNACHAL PRADESH,Upper Siang,7085989289,9436055743
ARUNACHAL PRADESH,Upper Subansiri,9402602363,9436055743
ARUNACHAL PRADESH,West Kameng,03782-223773,9436055743
ARUNACHAL PRADESH,West Siang,8731954164,9436055743
ASSAM,Baksa,9401869930,6913347770
ASSAM,Barpeta,6913347770,6913347770
ASSAM,Biswanath,03712-295227,6913347770
ASSAM,Bongaigaon,3664228135,6913347770
ASSAM,Cachar,3842230956,6913347770
ASSAM,Charaideo,3772223397,6913347770
ASSAM,Chirang,7896593882,6913347770
ASSAM,Darrang,9435844400,6913347770
ASSAM,Dhemaji,3753224014,6913347770
ASSAM,Dhubri,8876841117,6913347770
ASSAM,Dibrugarh,9435358371,6913347770
ASSAM,Dima Hasao,7896443784,6913347770
ASSAM,Goalpara,8638409072,6913347770
ASSAM,Golaghat,3774283918,6913347770
ASSAM,Hailakandi,7099252972,6913347770
ASSAM,Hojai,6003256039,6913347770
ASSAM,Jorhat,2300059,6913347770
ASSAM,Kamrup Metropolitan,6913347770,6913347770
ASSAM,Kamrup,9678471071,6913347770
ASSAM,Karbi Anglong,8134991888,6913347770
ASSAM,Karimganj,8638628106,6913347770
ASSAM,Kokrajhar,8471875491,6913347770
ASSAM,Lakhimpur,37521077,6913347770
ASSAM,Majuli,9435351450,6913347770
ASSAM,Marigaon,3678241341,6913347770
ASSAM,Nagaon,9435502302,6913347770
ASSAM,Nalbari,3624223094,6913347770
ASSAM,Sibsagar,3772223397,6913347770
ASSAM,Sonitpur,3712295227,6913347770
ASSAM,South Salmara-Mankachar,3662286328,6913347770
ASSAM,Tinsukia,6900911465,6913347770
ASSAM,Udalguri,6002090330,6913347770
BIHAR,Araria,06453-222309,104
BIHAR,Arwal,60337-229494,104
BIHAR,Aurangabad (BH),0618-6222066,104
BIHAR,Banka,06424-223004,104
BIHAR,Begusarai,06243-222940,104
BIHAR,Bhagalpur,06412-421555,104
BIHAR,Bhojpur,06182-248701,104
BIHAR,Buxar,06183-223333,104
BIHAR,Darbhanga,06272-245055,104
BIHAR,East Champaran,06252-242418,104
BIHAR,Gaya,06312-222259,104
BIHAR,Gopalganj,06156-225509,104
BIHAR,Jamui,06345-224610,104
BIHAR,Jehanabad,06114-223145,104
BIHAR,Kaimur (Bhabhua),06189-222080,104
BIHAR,Katihar,06452-239025,104
BIHAR,Khagaria,06244-222384,104
BIHAR,Kishanganj,06456-225152,104
BIHAR,Lakhisarai,06346-233159,104
BIHAR,Madhepura,06476 - 222220 ,104
BIHAR,Madhubani,06276-222576,104
BIHAR,Munger,06344-221001,104
BIHAR,Muzaffarpur,0621-2212007,104
BIHAR,Nalanda,06112-233168,104
BIHAR,Nawada,06324-212122,104
BIHAR,Patna, 0612-2249964,104
BIHAR,Purnea,06454-242319,104
BIHAR,Rohtas,06184 226096,104
BIHAR,Saharsa,06478 222753,104
BIHAR,Samastipur,06274 225065,104
BIHAR,Saran,06152 245023,104
BIHAR,Sheikhpura,06341 223333,104
BIHAR,Sheohar,06222 257360,104
BIHAR,Sitamarhi,06226 250316,104
BIHAR,Siwan,06154-242000,104
BIHAR,Supaul,06473 224005,104
BIHAR,Vaishali,06224 260220,104
BIHAR,West Champaran,06254-247002,104
CHHATTISGARH,Balod,07749 223950,104
CHHATTISGARH,Baloda Bazar,0772 7223697,104
CHHATTISGARH,Balrampur,7831273177,104
CHHATTISGARH,Bastar,7782223122,104
CHHATTISGARH,Bemetara,7824222150,104
CHHATTISGARH,Bijapur,7853-220023,104
CHHATTISGARH,Bilaspur,7752251000,104
CHHATTISGARH,Dantewada,9479150879,104
CHHATTISGARH,Durg,7882210773,104
CHHATTISGARH,Gariaband,7706241288,104
CHHATTISGARH,Janjgir-Champa,7817222123,104
CHHATTISGARH,Kondagaon,7786242180,104
CHHATTISGARH,Korba,7759228548,104
CHHATTISGARH,Koriya,7836232330,104
CHHATTISGARH,Mahasamund,6267770531,104
CHHATTISGARH,Mungeli,9111420188,104
CHHATTISGARH,Narayanpur,7781252245,104
CHHATTISGARH,Raigarh,7762223750,104
CHHATTISGARH,Raipur,7714287199,104
CHHATTISGARH,Rajnandgaon,07744 226315,104
CHHATTISGARH,Sukma,7864284012,104
CHHATTISGARH,Surajpur,91110333446,104
CHHATTISGARH,Surguja,9340267340,104
GOA,North Goa,8322225083,104
GOA,South Goa,0832-2794100,104
GUJARAT,Ahmedabad,1077,104
GUJARAT,Amreli,1077,104
GUJARAT,Anand,1077,104
GUJARAT,Aravalli,1077,104
GUJARAT,Banaskantha,1077,104
GUJARAT,Bharuch,1077,104
GUJARAT,Bhavnagar,1077,104
GUJARAT,Botad,1077,104
GUJARAT,Chhota Udaipur,1077,104
GUJARAT,Dahod,2573238277,104
GUJARAT,Devbhoomi Dwarka,1077,104
GUJARAT,Gandhinagar,1077,104
GUJARAT,Gir Somnath,1077,104
GUJARAT,Jamnagar,1077,104
GUJARAT,Junagadh,2852633131,104
GUJARAT,Kachchh,1077,104
GUJARAT,Kheda,1077,104
GUJARAT,Mahisagar,2674252300,104
GUJARAT,Mahesana,1077,104
GUJARAT,Morbi,1077,104
GUJARAT,Narmada,1077,104
GUJARAT,Navsari,1077,104
GUJARAT,Panch mahals,1077,104
GUJARAT,Patan,1077,104
GUJARAT,Porbandar,1077,104
GUJARAT,Rajkot,1077,104
GUJARAT,Sabarkantha,1077,104
GUJARAT,Surat,1077,104
GUJARAT,Surendranagar,1077,104
GUJARAT,Tapi,1077,104
GUJARAT,The Dangs,1077,104
GUJARAT,Vadodara,1077,104
GUJARAT,Valsad,1077,104
HARYANA,Ambala,0171-2530400,8558893911
HARYANA,Bhiwani,01664-242893,8558893911
HARYANA,Charkhi Dadri,01250-222555,8558893911
HARYANA,Faridabad,0129-2221000,8558893911
HARYANA,Fatehabad,01667-230018,8558893911
HARYANA,Gurgaon,9953618102,8558893911
HARYANA,Hisar,0166-2231137,8558893911
HARYANA,Jhajjar,01251-253118,8558893911
HARYANA,Kaithal,01746-222152,8558893911
HARYANA,Karnal,9817701572,8558893911
HARYANA,Kurukshetra,1744259285,8558893911
HARYANA,Mahendragarh,01282-251202,8558893911
HARYANA,Nuh,01267-274600,8558893911
HARYANA,Palwal,01275-298052 ,8558893911
HARYANA,Panchkula,0172-2573901,8558893911
HARYANA,Panipat,0180-2640255,8558893911
HARYANA,Rewari,1274225145,8558893911
HARYANA,Rohtak,01262-244163,8558893911
HARYANA,Sirsa,9812300947,8558893911
HARYANA,Yamuna Nagar,01732-237801,8558893911
HIMACHAL PRADESH,Bilaspur (HP),1077,104
HIMACHAL PRADESH,Chamba,1077,104
HIMACHAL PRADESH,Hamirpur(HP),01972- 221277,104
HIMACHAL PRADESH,Kangra,1077,104
HIMACHAL PRADESH,Kinnaur,1077,104
HIMACHAL PRADESH,Kullu,1077,104
HIMACHAL PRADESH,Lahul & Spiti,1077,104
HIMACHAL PRADESH,Mandi,1077,104
HIMACHAL PRADESH,Shimla,1077,104
HIMACHAL PRADESH,Siramur,1077,104
HIMACHAL PRADESH,Solan,01792-221234,104
HIMACHAL PRADESH,Una,1077,104
JHARKHAND,Bokaro,06542-223475,104
JHARKHAND,Chatra,06541-253219,104
JHARKHAND,Deoghar,9771935367,104
JHARKHAND,Dhanbad,9835352971,104
JHARKHAND,Dumka,9508250080,104
JHARKHAND,East-Singhbhum,0657-2440111,104
JHARKHAND,Garhwa,6561222236,104
JHARKHAND,Giridh,06532-228828,104
JHARKHAND,Godda,06422-222002,104
JHARKHAND,Gumla,9973763799,104
JHARKHAND,Hazaribag,8002529349,104
JHARKHAND,Jamtara,06433-222245,104
JHARKHAND,Khunti,7979981076,104
JHARKHAND,Koderma,06534-252685,104
JHARKHAND,Latehar,06565-247981,104
JHARKHAND,Lohardaga,100,104
JHARKHAND,Pakur,06435-222065,104
JHARKHAND,Palamau,06562-222077,104
JHARKHAND,Ramgarh,06553-261522,104
JHARKHAND,Ranchi,1950,104
JHARKHAND,Sahibganj,9006963963,104
JHARKHAND,Seraikela-Kharsawan,9798302485,104
JHARKHAND,Simdega,06207-651659,104
JHARKHAND,West-Sighbhum,7479411489,104
KARNATAKA,Bagalkot,1077,104
KARNATAKA,Bangalore,080-22967200,104
KARNATAKA,Bangalore Rural,080-29781021,104
KARNATAKA,Belgaum,0831-2424284,104
KARNATAKA,Bellary,08392 -277100,104
KARNATAKA,Bidar,18004254316,104
KARNATAKA,Bijapur (KAR),8352221261,104
KARNATAKA,Chamrajnagar,08226-223160,104
KARNATAKA,Chikkaballapur,08156- 277071,104
KARNATAKA,Chickmagalur,08262-238950,104
KARNATAKA,Chitradurga,08194-222050,104
KARNATAKA,Dakshina Kannada,0824-2442590,104
KARNATAKA,Davangere,08192-257778,104
KARNATAKA,Dharwad,08362-447547,104
KARNATAKA,Gadag,08372-239177,104
KARNATAKA,Gulbarga,08472-278604,104
KARNATAKA,Hassan,08172-261111,104
KARNATAKA,Haveri,08375-249102,104
KARNATAKA,Kodagu,08272 – 221077,104
KARNATAKA,Kolar,08152-243521,104
KARNATAKA,Koppal,08539-225001,104
KARNATAKA,Mandya,08232-224655,104
KARNATAKA,Mysore,0821-2423800,104
KARNATAKA,Raichur,08532-228559,104
KARNATAKA,Ramanagar,8277517672,104
KARNATAKA,Shimoga,08182-221010,104
KARNATAKA,Tumkur,08162-278787,104
KARNATAKA,Udupi,9663957222,104
KARNATAKA,Uttara Kannada,08382-229857,104
KARNATAKA,Yadgir,08473-253950,104
KERALA ,Alappuzha,0477-2239999,0471-2552056 
KERALA ,Ernakulam,0484-2368802,0471-2552056 
KERALA ,Idukki,8547784694,0471-2552056 
KERALA ,Kannur,0497 2700194,0471-2552056 
KERALA ,Kasargod,9037730304,0471-2552056 
KERALA ,Kollam,0474 2797609,0471-2552056 
KERALA ,Kottayam,0481 2304800,0471-2552056 
KERALA ,Kozhikode,"0495 2371471",0471-2552056 
KERALA ,Malappuram,0483 2737858,0471-2552056 
KERALA ,Palakkad,0491 2505264,0471-2552056 
KERALA ,Pathanamthitta,0468 2228220,0471-2552056 
KERALA ,Thiruvananthapuram,0471 2466828,0471-2552056 
KERALA ,Thrissur,9400410720,0471-2552056 
KERALA ,Wayanad,0493 6204151,0471-2552056 
MADHYA PRADESH,Agar Malwa,"07362 292100",104
MADHYA PRADESH,Alirajpur,8815835029,104
MADHYA PRADESH,Anuppur,07543 225501,104
MADHYA PRADESH,Ashok Nagar,07659 222563,104
MADHYA PRADESH,Balaghat,"07632 240102",104
MADHYA PRADESH,Barwani,07290 224966,104
MADHYA PRADESH,Betul,07141 230402,104
MADHYA PRADESH,Bhind,7534230013,104
MADHYA PRADESH,Bhopal,0755 2704201,104
MADHYA PRADESH,Burhanpur,073252 42042,104
MADHYA PRADESH,Chhatarpur,07682 248546,104
MADHYA PRADESH,Chhindwara,"07162 243423",104
MADHYA PRADESH,Damoh,7587986606,104
MADHYA PRADESH,Datia,8461946705,104
MADHYA PRADESH,Dewas,07272 250666,104
MADHYA PRADESH,Dhar,"07292 235707",104
MADHYA PRADESH,Dindori,07644 234600,104
MADHYA PRADESH,Khandwa,"0733 2224545",104
MADHYA PRADESH,Guna,07542 252746,104
MADHYA PRADESH,Gwalior,0751 2461574,104
MADHYA PRADESH,Harda,07577 225007,104
MADHYA PRADESH,Hoshangabad,07574 254446,104
MADHYA PRADESH,Indore,"0731 2567333",104
MADHYA PRADESH,Jabalpur,0761 2637501,104
MADHYA PRADESH,Jhabua,07392 243315,104
MADHYA PRADESH,Katni,07622 422364,104
MADHYA PRADESH,Mandla,7642251079,104
MADHYA PRADESH,Mandsaur,"07422 255596",104
MADHYA PRADESH,Morena,07532 223012,104
MADHYA PRADESH,Narsinghpur,07792 230681,104
MADHYA PRADESH,Neemuch,07423 228501,104
MADHYA PRADESH,Niwari,07659 222563,104
MADHYA PRADESH,Panna,07732 253362,104
MADHYA PRADESH,Raisen,07482 222217,104
MADHYA PRADESH,Rajgarh,07372 255067,104
MADHYA PRADESH,Ratlam,07412 242400,104
MADHYA PRADESH,Rewa,07662 255142,104
MADHYA PRADESH,Sagar,07582 264390,104
MADHYA PRADESH,Satna,07672 231413,104
MADHYA PRADESH,Sehore,07562 226470,104
MADHYA PRADESH,Seoni,7692220323,104
MADHYA PRADESH,Shahdol,9993260440,104
MADHYA PRADESH,Shajapur,07364 226727,104
MADHYA PRADESH,Sheopur,07530 222631,104
MADHYA PRADESH,Shivpuri,07492 233881,104
MADHYA PRADESH,Sidhi,07822 250123,104
MADHYA PRADESH,Singrauli,7587981392,104
MADHYA PRADESH,Tikamgarh,07683 242242,104
MADHYA PRADESH,Ujjain,0734 2520700,104
MADHYA PRADESH,Umaria,7653222314,104
MADHYA PRADESH,Vidisha,07592 237880,104
MAHARASHTRA,Akola,0724-24242444,020-26127394
MAHARASHTRA,Aurangabad,0240 2331077,020-26127394
MAHARASHTRA,Ahmed Nagar,0241-2323844,020-26127394
MAHARASHTRA,Amravati,0721-2662025,020-26127394
MAHARASHTRA,Beed,02442 – 222604,020-26127394
MAHARASHTRA,Bhandara,07184-251222,020-26127394
MAHARASHTRA,Buldhana,07262-242683,020-26127394
MAHARASHTRA,Chandrapur,07172-251597,020-26127394
MAHARASHTRA,Dhule,02562-288066,020-26127394
MAHARASHTRA,Gadchiroli,07132-222031,020-26127394
MAHARASHTRA,Gondia,07182 230196,020-26127394
MAHARASHTRA,Hingoli,02456 222560,020-26127394
MAHARASHTRA,Jalna,02482-223132,020-26127394
MAHARASHTRA,Jalgaon,6366783101,020-26127394
MAHARASHTRA,Kolhapur,0231 2659232,020-26127394
MAHARASHTRA,Latur,02382-220204,020-26127394
MAHARASHTRA,Mumbai City,022 22664232,020-26127394
MAHARASHTRA,Mumbai Suburban,022 26556799,020-26127394
MAHARASHTRA,Nadurbar,02564-210006,020-26127394
MAHARASHTRA,Nagpur,0712-2562668,020-26127394
MAHARASHTRA,Nanded,02462-235077,020-26127394
MAHARASHTRA,Nashik,0253- 2315080,020-26127394
MAHARASHTRA,Osmanabad,02472-225618,020-26127394
MAHARASHTRA,Parbhani,02452-226400,020-26127394
MAHARASHTRA,Palghar,02525-297474,020-26127394
MAHARASHTRA,Pune,020-26122114,020-26127394
MAHARASHTRA,Raigad,02141 222118,020-26127394
MAHARASHTRA,Ratnagiri,02352 226248,020-26127394
MAHARASHTRA,Satara,02162-232349,020-26127394
MAHARASHTRA,Sangli,0233-2600500,020-26127394
MAHARASHTRA,Solapur,0217-2731012,020-26127394
MAHARASHTRA,Sindhudurg,02362 228847,020-26127394
MAHARASHTRA,Thane,"022-25301740",020-26127394
MAHARASHTRA,Yavatmal,07232-240720,020-26127394
MAHARASHTRA,Wardha,07152-243446,020-26127394
MAHARASHTRA,Washim,07252-234238,020-26127394
MANIPUR,Bishnupur,9862551714,3852411668
MANIPUR,Chandel,8974143100,3852411668
MANIPUR,Churachandpur,9862088197,3852411668
MANIPUR,Imphal-East,9612687395,3852411668
MANIPUR,Imphal-West,7005066236,3852411668
MANIPUR,Jiribam,7085344776,3852411668
MANIPUR,Kakching,8974009015,3852411668
MANIPUR,Kamjong,8731934038,3852411668
MANIPUR,Kangpokpi,9402882745,3852411668
MANIPUR,Noney,8730935885,3852411668
MANIPUR,Pherzawl,9862102592,3852411668
MANIPUR,Senapati,9612506122,3852411668
MANIPUR,Tamenglong,9366057183,3852411668
MANIPUR,Tengnoupal,9862923835,3852411668
MANIPUR,Thoubal,8974009015,3852411668
MANIPUR,Ukhrul,9436293451,3852411668
MEGHALAYA,East Khasi Hills,0364-2502094,108
MEGHALAYA,Ri Bhoi,03638-232028,108
MEGHALAYA,West Khasi Hills,8974579811,108
MEGHALAYA,South West Khasi Hills,6909904336,108
MEGHALAYA,West Jaintia Hills,6009693315,108
MEGHALAYA,East Jaintia Hills,7628079707,108
MEGHALAYA,West Garo Hills,6009926806,108
MEGHALAYA,East Garo Hills,9485113132,108
MEGHALAYA,South Garo Hills,7085100406,108
MEGHALAYA,North Garo Hills,9485113132,108
MIZORAM,Aizwal,,102
MIZORAM,Champhai,,102
MIZORAM,Hnahthial,,102
MIZORAM,Khawzawl,,102
MIZORAM,Kolasib,0389-2323336,102
MIZORAM,Lawngtlai,,102
MIZORAM,Lunglei,,102
MIZORAM,Mamit,9612467068,102
MIZORAM,Saiha,03835-222055,102
MIZORAM,Saitual,,102
MIZORAM,Serchhip,6033128124,102
NAGALAND,Dimapur,03862 248530,7005539653
NAGALAND,Kiphire,60099683167,7005539653
NAGALAND,Kohima,8575563906,7005539653
NAGALAND,Longleng,,7005539653
NAGALAND,Mokokchung,7630007954,7005539653
NAGALAND,Mon,9862078993,7005539653
NAGALAND,Peren,,7005539653
NAGALAND,Phek,,7005539653
NAGALAND,Tuensang,7005539653,7005539653
NAGALAND,Wokha,,7005539653
NAGALAND,Zunheboto,,7005539653
ODISHA,Angul,06764-234218,9439994859
ODISHA,Balangir,1077,9439994859
ODISHA,Baleswar,1077,9439994859
ODISHA,Bargarh,06646 232112,9439994859
ODISHA,Bhadrak,06784 251881,9439994859
ODISHA,Boudh,06841 222023,9439994859
ODISHA,Cuttack,1077,9439994859
ODISHA,Debagarh,06641-226843,9439994859
ODISHA,Dhenkanal,06762 221376,9439994859
ODISHA,Gajapati,06815- 222100,9439994859
ODISHA,Ganjam,0680 2224798,9439994859
ODISHA,Jagatsinghapur,1077,9439994859
ODISHA,Jajapur,1077,9439994859
ODISHA,Jharsuguda,6742390466,9439994859
ODISHA,Kalahandi,1077,9439994859
ODISHA,Kandhamal,06842-253650,9439994859
ODISHA,kendrapara,06727-232803,9439994859
ODISHA,Kendujhar,06766-255438,9439994859
ODISHA,Khorda,06755-223178,9439994859
ODISHA,Koraput,1077,9439994859
ODISHA,Malkangiri,06861-231372,9439994859
ODISHA,Mayurbhanj,1077,9439994859
ODISHA,Nabarangpur,1077,9439994859
ODISHA,Nayagarh,1077,9439994859
ODISHA,Nuapada,0667-8225357,9439994859
ODISHA,Puri,1077,9439994859
ODISHA,Rayagada,1077,9439994859
ODISHA,Sambalpur,1077,9439994859
ODISHA,Sonapur,06654 220362,9439994859
ODISHA,Sundergarh,06622-272233,9439994859
PUNJAB,Amritsar,0183-2500398,104
PUNJAB,Barnala,01679-234777,104
PUNJAB,Bathinda,0164-2212501,104
PUNJAB,Faridkot,01639-250947,104
PUNJAB,Fazilka,01638-264105,
PUNJAB,Fatehgarh Sahib,01763-232838,104
PUNJAB,Ferozepur,01632-243703,104
PUNJAB,Gurdaspur,01874-240990,104
PUNJAB,Hoshiarpur,01882-252170,104
PUNJAB,Jalandhar,0181-2224848,104
PUNJAB,Kapurthala,9914934305,104
PUNJAB,Ludhiana,0161-4622276,
PUNJAB,Mansa,0165-2227056,104
PUNJAB,Moga,0163-6228110,104
PUNJAB,Nawanshahr,01823-227471,104
PUNJAB,Pathankot,0186-2230180,104
PUNJAB,Patiala,0175-5128793,104
PUNJAB,Roop Nagar,01881-227241,104
PUNJAB,Sangrur,0167-2298190,104
PUNJAB,Sri Muktsar Sahib,01633-262664,104
PUNJAB,SAS Nagar,7814641397,104
PUNJAB,Tarn-Taran,01852-385115,104
RAJASTHAN,Ajmer,0145-2628932,0141-2225624
RAJASTHAN,Alwar,1442338000,0141-2225624
RAJASTHAN,Banswara,02962-248420,0141-2225624
RAJASTHAN,Baran,07453-237081,0141-2225624
RAJASTHAN,Barmer,02982-222226,0141-2225624
RAJASTHAN,Bharatpur,05644-220388,0141-2225624
RAJASTHAN,Bhilwara,01482-233030,0141-2225624
RAJASTHAN,Bikaner,0151-2226031,0141-2225624
RAJASTHAN,Bundi,0747-2442305,0141-2225624
RAJASTHAN,Chittorgarh,01472-244923,0141-2225624
RAJASTHAN,Churu,01562-251322,0141-2225624
RAJASTHAN,Dausa,01427-224903,0141-2225624
RAJASTHAN,Dholpur,05642-220033,0141-2225624
RAJASTHAN,Dungarpur,02964-232262,0141-2225624
RAJASTHAN,Hanumangarh,01552-260299,0141-2225624
RAJASTHAN,Jaipur,0141-2204475,0141-2225624
RAJASTHAN,Jaisalmer,02992-250082,0141-2225624
RAJASTHAN,Jalor,02977-222216,0141-2225624
RAJASTHAN,Jhalawar,07432-230645,0141-2225624
RAJASTHAN,Jhunjhunu,01592-232237,0141-2225624
RAJASTHAN,Jodhpur,0291-2555560,0141-2225624
RAJASTHAN,Karauli,07464-251335,0141-2225624
RAJASTHAN,Kota,0744-2325342,0141-2225624
RAJASTHAN,Nagaur,01582-240830,0141-2225624
RAJASTHAN,Pali,02932-222423,0141-2225624
RAJASTHAN,Pratapgarh,01478-222333,0141-2225624
RAJASTHAN,Rajsamand,02952-222520,0141-2225624
RAJASTHAN,Sawai Madhopur,07462-220201,0141-2225624
RAJASTHAN,Sikar,01572-251008,0141-2225624
RAJASTHAN,Sirohi,02972-225327,0141-2225624
RAJASTHAN,Sri Ganganagar,0154-2445067,0141-2225624
RAJASTHAN,Tonk,01432-247478,0141-2225624
RAJASTHAN,Udaipur,0294-2414620,0141-2225624
SIKKIM,East Sikkim,204995,104
SIKKIM,North Sikkim,234538,104
SIKKIM,West Sikkim,250999,104
SIKKIM,South Sikkim,264442,104
TAMIL NADU,Ariyalur,04329-1077,044-29510500
TAMIL NADU,Chengalpattu,044-1077,044-29510500
TAMIL NADU,Chennai,044-1077,044-29510500
TAMIL NADU,Coimbatore,0422-1077,044-29510500
TAMIL NADU,Cuddalore,04142-1077,044-29510500
TAMIL NADU,Dharmapuri,04342-1077,044-29510500
TAMIL NADU,Dindugul,0451-1077,any
TAMIL NADU,Erode,0424-1077,044-29510500
TAMIL NADU,Kallakurichi,04151-1077,044-29510500
TAMIL NADU,Kancheepuram,044-1077,044-29510500
TAMIL NADU,Kanyakumari,04652-1077,044-29510500
TAMIL NADU,Karur,04324-1077,044-29510500
TAMIL NADU,Krishnagiri,04343-1077,044-29510500
TAMIL NADU,Madurai,0452-1077,044-29510500
TAMIL NADU,Nagapattinam,04365-1077,044-29510500
TAMIL NADU,Namakkal,04286-1077,044-29510500
TAMIL NADU,Perambalur,04328-1077,044-29510500
TAMIL NADU,Pudukottai,04322-1077,044-29510500
TAMIL NADU,Ramanathapuram,04567-1077,044-29510500
TAMIL NADU,Ranipet,0416-1077,044-29510500
TAMIL NADU,Salem,0427-1077,044-29510500
TAMIL NADU,Sivaganga,04575-1077,044-29510500
TAMIL NADU,Tenkasi,0462-1077,044-29510500
TAMIL NADU,Thanjavur,04362-1077,044-29510500
TAMIL NADU,The Nilgiris,0423-1077,044-29510500
TAMIL NADU,Theni,04546-1077,044-29510500
TAMIL NADU,Thoothukudi,0461-1077,044-29510500
TAMIL NADU,Tirunelveli,0462-1077,044-29510500
TAMIL NADU,Tirupattur,04179-1077,044-29510500
TAMIL NADU,Tiruppur,0421-1077,044-29510500
TAMIL NADU,Tiruvallur,044-1077,044-29510500
TAMIL NADU,Tiruvannamalai,04175-1077,044-29510500
TAMIL NADU,Tiruvarur,04366-1077,044-29510500
TAMIL NADU,Trichy,0431-1077,044-29510500
TAMIL NADU,Vellore,0416-1077,044-29510500
TAMIL NADU,Villupuram,04146-1077,044-29510500
TAMIL NADU,Virudhunagar,04562-1077,044-29510500
TAMIL NADU,Ariyalur,04329-1077,044-29510500
TAMIL NADU,Chengalpattu,044-1077,044-29510500
TAMIL NADU,Chennai,044-1077,044-29510500
TAMIL NADU,Coimbatore,0422-1077,044-29510500
TAMIL NADU,Cuddalore,04142-1077,044-29510500
TAMIL NADU,Dharmapuri,04342-1077,044-29510500
TAMIL NADU,Dindigul,0451-1077,044-29510500
TAMIL NADU,Erode,0424-1077,044-29510500
TAMIL NADU,Kallakurichi,04151-1077,044-29510500
TAMIL NADU,Kancheepuram,044-1077,044-29510500
TAMIL NADU,Kanyakumari,04652-1077,044-29510500
TAMIL NADU,Karur,04324-1077,044-29510500
TAMIL NADU,Krishnagiri,04343-1077,044-29510500
TAMIL NADU,Madurai,0452-1077,044-29510500
TAMIL NADU,Nagapattinam,04365-1077,044-29510500
TAMIL NADU,Namakkal,04286-1077,044-29510500
TAMIL NADU,Perambalur,04328-1077,044-29510500
TAMIL NADU,Pudukottai,04322-1077,044-29510500
TAMIL NADU,Ramanathapuram,04567-1077,044-29510500
TAMIL NADU,Ranipet,0416-1077,044-29510500
TAMIL NADU,Salem,0427-1077,044-29510500
TAMIL NADU,Sivaganga,04575-1077,044-29510500
TAMIL NADU,Tenkasi,0462-1077,044-29510500
TAMIL NADU,Thanjavur,04362-1077,044-29510500
TAMIL NADU,The Nilgiris,0423-1077,044-29510500
TAMIL NADU,Theni,04546-1077,044-29510500
TAMIL NADU,Thoothukudi,0461-1077,044-29510500
TAMIL NADU,Tirunelveli,0462-1077,044-29510500
TAMIL NADU,Tirupattur,04179-1077,044-29510500
TAMIL NADU,Tiruppur,0421-1077,044-29510500
TAMIL NADU,Tiruvallur,044-1077,044-29510500
TAMIL NADU,Tiruvannamalai,04175-1077,044-29510500
TAMIL NADU,Tiruvarur,04366-1077,044-29510500
TAMIL NADU,Tiruchirappalli,0431-1077,044-29510500
TAMIL NADU,Vellore,0416-1077,044-29510500
TAMIL NADU,Villupuram,04146-1077,044-29510500
TAMIL NADU,Virudhunagar,04562-1077,044-29510500
TELANGANA,Adilabad,18004251939,104
TELANGANA,Bhadradri Kothagudem,8744241950,104
TELANGANA,Hyderabad,9154686549,104
TELANGANA,Jagtial,08724 222204,104
TELANGANA,Jangaon,8247847692,
TELANGANA,Jayashankar Bhupalpally,08713-248080,104
TELANGANA,Jogulamba Gadwal,08546-274007,104
TELANGANA,Kamareddy,7382928649,104
TELANGANA,Karimnagar,9849902501,104
TELANGANA,Khammam,7995511298,104
TELANGANA,Kumuram Bheem,08733-279108,104
TELANGANA,Mahabubabad,1800-599-1950,
TELANGANA,Mahabubnagar,08542-241165,104
TELANGANA,Mancherial,08736-250501,104
TELANGANA,Medak,08452-223360,104
TELANGANA,Medchal,9492409781,104
TELANGANA,Mulugu,1800-425-0520,104
TELANGANA,Nagarkurnool,08540-230201,104
TELANGANA,Nalgonda,1800-425-1442,104
TELANGANA,Narayanpet,08506-282888,104
TELANGANA,Nirmal,1800-425-5566,104
TELANGANA,Nizamabad,08462-220183,104
TELANGANA,Peddapalli,9989071042,104
TELANGANA,Rajanna Sircilla,6309141122,104
TELANGANA,Rangareddy,040-23230811,104
TELANGANA,Sangareddy,08455-272233,104
TELANGANA,Siddipet,8457230000,
TELANGANA,Suryapet,1800-425-1972,104
TELANGANA,Vikarabad,08416-256996,104
TELANGANA,Wanaparthy,7288064701,104
TELANGANA,Warangal (Rural),1800 425 3424,104
TELANGANA,Warangal (Urban),1800 425 1115,104
TELANGANA,Yadadri Bhuvanagiri,1800 425 7106,104
TRIPURA,Dhalai,9886866853,0381-2315879
TRIPURA,Gomati,9436106361,0381-2315879
TRIPURA,Khowai,03825-222229,0381-2315879
TRIPURA,North Tripura,9436502453,0381-2315879
TRIPURA,Sepahijala,9862752963,0381-2315879
TRIPURA,South Tripura,03823-222145,0381-2315879
TRIPURA,Unakoti,9862036563,0381-2315879
TRIPURA,West Tripura,0381-2323945,0381-2315879
UTTAR PRADESH,Allahabad,0532-2641577,18001805145
UTTAR PRADESH,Ambedkar Nagar,05271-244250,18001805145
UTTAR PRADESH,Amroha,05922-253061,18001805145
UTTAR PRADESH,Jyotiba Phule Nagar,05683-249660,18001805145
UTTAR PRADESH,Azamgarh,05462-246831,18001805145
UTTAR PRADESH,Badaun,05832-266114,18001805145
UTTAR PRADESH,Bahraich,05252-232417,18001805145
UTTAR PRADESH,Ballia,05331-232796,18001805145
UTTAR PRADESH,Banda,05192-224460,18001805145
UTTAR PRADESH,Barabanki,05248-224849,18001805145
UTTAR PRADESH,Bareilly,0581-2428914,18001805145
UTTAR PRADESH,Basti,05542-287774,18001805145
UTTAR PRADESH,Bijnor,01342-262031,18001805145
UTTAR PRADESH,Bulandshahr,05732-28336,18001805145
UTTAR PRADESH,Chandauli,05412-262557,18001805145
UTTAR PRADESH,Chitrakoot,05198-235118,18001805145
UTTAR PRADESH,Deoria,05568-222505,18001805145
UTTAR PRADESH,Etah,0542-234320,18001805145
UTTAR PRADESH,Etawah,05688-259697,18001805145
UTTAR PRADESH,Faizabad,7081670802,18001805145
UTTAR PRADESH,Farrukhabad,05692-235423,18001805145
UTTAR PRADESH,Fatehpur,05180-223012,18001805145
UTTAR PRADESH,Firozabad,9454417581,18001805145
UTTAR PRADESH,Gautam Buddha nagar,18004192211,18001805145
UTTAR PRADESH,Ghaziabad,0120-2965757,18001805145
UTTAR PRADESH,Ghazipur,0548-2224040,18001805145
UTTAR PRADESH,Gonda,05262-230125,18001805145
UTTAR PRADESH,Gorakhpur,0551-2201796,18001805145
UTTAR PRADESH,Hamirpur,05282-225491,18001805145
UTTAR PRADESH,Hapur,0122-2304834,18001805145
UTTAR PRADESH,Hardoi,05852-234629,18001805145
UTTAR PRADESH,Hathras,05722-227076,18001805145
UTTAR PRADESH,Jaunpur,05452-260501,18001805145
UTTAR PRADESH,Kanpur Dehat,05111-271366,18001805145
UTTAR PRADESH,Kanpur Nagar,18001805159,18001805145
UTTAR PRADESH,Kaushambi,05331-232796 ,18001805145
UTTAR PRADESH,Kushinagar,9984943395,18001805145
UTTAR PRADESH,Lakhimpur,05872-252715,18001805145
UTTAR PRADESH,Lalitpur,05176-272335,18001805145
UTTAR PRADESH,Maharajganj,05523-222162,18001805145
UTTAR PRADESH,Mahoba,05281-254901,18001805145
UTTAR PRADESH,Mainpuri,05672-240251,18001805145
UTTAR PRADESH,Mathura,9454417583,18001805145
UTTAR PRADESH,Mau,0547-2500411,18001805145
UTTAR PRADESH,Meerut,0121-2664016,18001805145
UTTAR PRADESH,Mirzapur,05442-256357,18001805145
UTTAR PRADESH,Moradabad,0591-2412728,18001805145
UTTAR PRADESH,Muzaffarnagar,0131-2436918,18001805145
UTTAR PRADESH,Pilibhit,05882-244116,18001805145
UTTAR PRADESH,Pratapgarh,7839564639,18001805145
UTTAR PRADESH,RaeBareli,0535-2203214,18001805145
UTTAR PRADESH,Rampur,9045299525,18001805145
UTTAR PRADESH,Saharanpur,0132-2723971,18001805145
UTTAR PRADESH,Sant Kabir nagar,05547-226505,18001805145
UTTAR PRADESH,Sant Ravidas nagar,0514-250223,18001805145
UTTAR PRADESH,Sambhal,05921-243035,18001805145
UTTAR PRADESH,Shahjahanpur,05842-280401,18001805145
UTTAR PRADESH,Shamli,01398-270203,18001805145
UTTAR PRADESH,Shrawasti,9454417486,18001805145
UTTAR PRADESH,Siddharthnagar,05544-222716,18001805145
UTTAR PRADESH,Sitapur,05862-245753,18001805145
UTTAR PRADESH,Sonbhadra,05444-222384,18001805145
UTTAR PRADESH,Sultanpur,05362-240203,18001805145
UTTAR PRADESH,Unnao,0515-2820707,18001805145
UTTAR PRADESH,Varanasi,0542-2508077,18001805145
UTTAR PRADESH,Amethi,05368-244577,18001805145
UTTAR PRADESH,Bagpat,0121-2220027,18001805145
UTTAR PRADESH,Agra,0562-2260550,18001805145
UTTAR PRADESH,Aligarh,0571-2420101,18001805145
UTTAR PRADESH,Balrampur,9454417381,18001805145
UTTAR PRADESH,Jalaun,5162-259999,18001805145
UTTAR PRADESH,Jhansi,9450075414,18001805145
UTTAR PRADESH,Kannauj,05494-235898,18001805145
UTTAR PRADESH,Lucknow,0522-2622627,18001805145
UTTARAKHAND,Almora ,05962-237875,104
UTTARAKHAND,Bageshwar ,05963-220197,104
UTTARAKHAND,Chamoli,01372-251437,104
UTTARAKHAND,Champawat ,05965-230312,104
UTTARAKHAND,Dehradun ,0135-2724506,104
UTTARAKHAND,Haridwar ,01334-239920,104
UTTARAKHAND,Pauri Garhwal,01368-222213,104
UTTARAKHAND,Pithoragarh ,05964-225142,104
UTTARAKHAND,Nainital ,05946-281234,104
UTTARAKHAND,Tehri Garhwal ,01376-232093,104
UTTARAKHAND,Rudraprayag ,01364-233946,104
UTTARAKHAND,Udham Singh Nagar,05944-246590,104
UTTARAKHAND,Uttarkashi ,01374-222641,104
WEST BENGAL,Alipurduar,1070,1800313444222
WEST BENGAL,Bankura,033-2214-3526,1800313444222
WEST BENGAL,Birbhum,1070,1800313444222
WEST BENGAL,Cooch Behar,1800-120-4019,1800313444222
WEST BENGAL,Dakshin Dinajpur,7477786497,1800313444222
WEST BENGAL,Darjeeling,033-2214-3526,1800313444222
WEST BENGAL,Hooghly,1070,1800313444222
WEST BENGAL,Howrah,1070,1800313444222
WEST BENGAL,Jalpaiguri,1070,1800313444222
WEST BENGAL,Jhargram,033-2214-3526,1800313444222
WEST BENGAL,Kalimpong,1070,1800313444222
WEST BENGAL,Kolkata,1070,1800313444222
WEST BENGAL,Malda,03512-221123,1800313444222
WEST BENGAL,Murshidabad,1070,1800313444222
WEST BENGAL,Nadia,7548975303,1800313444222
WEST BENGAL,North 24 Parganas,1070,1800313444222
WEST BENGAL,Paschim Bardhaman,1070,1800313444222
WEST BENGAL,Paschim Medinipur,03222-275894,1800313444222
WEST BENGAL,Purba Bardhaman,1070,1800313444222
WEST BENGAL,Purba Medinipur,1070,1800313444222
WEST BENGAL,Purulia,1070,1800313444222
WEST BENGAL,South 24 Parganas,1070,1800313444222
WEST BENGAL,Uttar Dinajpur,18003453367,1800313444222